Time,Height,HeightError,MaxWidth,MaxWidthError,VelocityInst,VelocityInstError,VelocityAvg,VelocityAvgError,AccelerationInst,AccelerationInstError,AccelerationAvg,AccelerationAvgError
0,0,0,0,0,0,0,0,0,0,0,0,0
1,31.0794337780133,104.850330201984,20.0785048352809,84.9287679293093,31.0794337780133,104.850330201984,31.0794337780133,104.850330201984,31.0794337780133,104.850330201984,31.0794337780133,104.850330201984
2,62.2194768266238,105.777206588341,120.226705406025,86.0966156432264,31.1400430486106,210.627536790325,31.1097384133119,52.8886032941706,0.0606092705972969,105.777206588341,15.554869206656,26.4443016470853
3,66.6730734152279,105.909773333563,145.164217815309,86.5329922405779,4.45359658860411,211.686979921904,22.224357805076,35.3032577778543,-26.6864464600064,1.05944313157886,7.40811926835866,11.7677525926181
4,75.5840666654433,106.175024778413,160.305496170356,86.0884037017584,8.91099325021537,212.084798111976,18.8960166663608,26.5437561946032,4.45739666161126,0.397818190071575,4.72400416659021,6.6359390486508
5,102.347705957389,106.971730556318,244.54714311599,88.2665020623278,26.763639291946,213.14675533473,20.4695411914779,21.3943461112635,17.8526460417306,1.0619572227547,4.09390823829557,4.27886922225271
6,111.279235091881,107.237619197376,274.360494798443,88.5484276129062,8.93152913449217,214.209349753694,18.5465391819802,17.8729365328961,-17.8321101574538,1.06259441896361,3.09108986366337,2.97882275548268
7,120.215970494008,107.503669317776,304.91799772524,87.3621735341686,8.93673540212649,214.741288515152,17.1737100705726,15.3576670453966,0.00520626763432119,0.531938761458377,2.45338715293894,2.19395243505665
8,129.157941206439,107.769881793507,304.91799772524,87.3621735341686,8.94197071243138,215.273551111283,16.1447426508049,13.4712352241884,0.00523531030489721,0.532262596130636,2.01809283135061,1.68390440302355
9,147.057705046904,108.302797324726,324.919931557778,87.3530186400181,17.8997638404646,216.072679118233,16.3397450052116,12.0336441471918,8.95779312803325,0.799128006950014,1.81552722280128,1.3370715719102
10,156.015556575497,108.569502142035,334.9214155121,87.3482229533057,8.95785152859344,216.872299466761,15.6015556575497,10.8569502142035,-8.94191231187119,0.799620348528038,1.56015556575497,1.08569502142035
11,164.978760216326,108.836372838342,334.9214155121,87.3482229533057,8.9632036408284,217.405874980377,14.9980691105751,9.89421571257657,0.00535211223495935,0.533575513616256,1.3634608282341,0.899474155688779
12,182.921341340722,109.370615413596,334.751202369243,87.6418999024919,17.9425811243964,218.206988251938,15.2434451117268,9.11421795113299,8.97937748356799,0.801113271560894,1.2702870926439,0.759518162594416
13,187.410377645982,109.504281118462,334.751202369243,87.6418999024919,4.48903630525956,218.874896532058,14.4161828958447,8.42340623988166,-13.4535448191368,0.667908280119264,1.10893714583421,0.647954326144743
14,200.885684082153,109.905532162059,334.751202369243,87.6418999024919,13.4753064361712,219.40981328052,14.3489774344395,7.85039515443276,8.98627013091163,0.534916748462706,1.02492695960282,0.560742511030911
15,218.8720251519,110.441130228038,329.83675046853,87.4974930659392,17.9863410697467,220.346662390097,14.59146834346,7.36274201520256,4.51103463357549,0.936849109576769,0.972764556230665,0.49084946768017
16,223.372075498715,110.575137040768,329.83675046853,87.4974930659392,4.50005034681567,221.016267268807,13.9607547186697,6.91094606504802,-13.486290722931,0.66960487870972,0.872547169916857,0.431934129065501
17,236.88060232376,110.977416788985,333.402350020789,89.9861139059353,13.5085268250446,221.552553829754,13.9341530778682,6.52808334052856,9.00847647822889,0.536286560947133,0.819656063404013,0.384004902384033
18,250.401771286868,111.380087871116,332.736431140375,91.1547850256308,13.5211689631085,222.357504660102,13.9112095159371,6.18778265950645,0.0126421380639385,0.804950830347707,0.772844973107618,0.343765703305914
19,263.935683554295,111.783153341824,333.235341225852,90.2784950561737,13.5339122674263,223.16324121294,13.8913517660155,5.88332386009601,0.0127433043178371,0.805736552838653,0.731123777158711,0.309648624215579
20,282.000898335834,112.321192762765,337.285132198883,91.8816805236822,18.0652147815392,224.104346104589,14.1000449167917,5.61605963813824,4.53130251411289,0.94110489164882,0.705002245839585,0.280802981906912
21,291.042144410045,112.590479721961,341.486678787681,93.1897870695153,9.04124607421136,224.911672484726,13.8591497338117,5.36145141533147,-9.02396870732787,0.807326380136828,0.659959511133889,0.25530721025388
22,300.089189989662,112.859946066728,350.699696452059,94.3474848134578,9.04704557961645,225.450425788689,13.6404177268028,5.12999754848764,0.00579950540509344,0.53875330396329,0.620018987581946,0.233181706749438
23,318.20080123845,113.399420585453,355.554360422886,94.4901849091635,18.1116112487882,226.259366652181,13.83481744515,4.93040959067186,9.06456566917177,0.808940863491898,0.601513801963043,0.214365634377038
24,327.26542787249,113.669430601201,359.880199110407,95.5029162335525,9.06462663404,227.068851186654,13.6360594946871,4.73622627505004,-9.04698461474823,0.809484534472745,0.568169145611962,0.197342761460418
25,345.412476111244,114.210000766745,379.241154064894,96.0720700730946,18.1470482387545,227.879431367945,13.8164990444498,4.56840003066978,9.08242160471445,0.810580181291698,0.552659961777991,0.182736001226791
26,354.494959114052,114.480562771827,383.704734201132,96.7929521391503,9.08248300280775,228.690563538571,13.6344215043866,4.40309856814719,-9.0645652359467,0.811132170626024,0.524400827091793,0.169349944928738
27,363.583455759771,114.751310632439,393.358931154761,97.0767792351678,9.08849664571858,229.231873404266,13.4660539170285,4.25004854194218,0.00601364291082973,0.541309865694302,0.498742737667724,0.157409205257118
28,372.677996930958,115.022245281939,412.641316751191,97.6436914600101,9.0945411711873,229.773555914378,13.3099284618199,4.10793733149782,0.0060445254687238,0.541682510111968,0.47535458792214,0.146712047553494
29,381.778613584386,115.293367655998,407.432750686771,98.0796458418728,9.10061665342801,230.315612937937,13.1647797787719,3.97563336744822,0.00607548224070342,0.542057023559437,0.453957923405929,0.137090805774076
30,390.885336751489,115.564678692612,411.851996802038,98.7980886530169,9.10672316710315,230.85804634861,13.0295112250496,3.8521559564204,0.00610651367514947,0.542433410673198,0.434317040834988,0.128405198547347
31,399.998197538823,115.836179332115,431.065834843643,99.3630456219571,9.11286078733428,231.400858024727,12.9031676625427,3.73665094619725,0.0061376202311294,0.542811676116571,0.416231214920732,0.120537127296686
32,409.117227128517,116.107870517195,420.663649746377,100.232460752893,9.11902958969313,231.94404984931,12.7849133477661,3.62837095366235,0.0061688023588431,0.543191824583232,0.399528542117692,0.113386592301949
33,418.242456778729,116.379753192906,440.451081484784,99.9330637016652,9.12522965021253,232.487623710101,12.6740138417797,3.52665918766382,0.00620006051940436,0.543573860791184,0.384061025508475,0.106868460232237
34,427.373917824117,116.651828306686,445.032314987513,100.361681214869,9.13146104538828,233.031581499592,12.569821112474,3.43093612666723,0.006231395175746,0.543957789490378,0.369700620955119,0.100909886078448
35,445.655659824276,117.196559650182,454.391226350919,100.930657516329,18.2817420001584,233.848387956868,12.7330188521222,3.34847313286235,9.1502809547701,0.816806457276243,0.363800538632062,0.0956706609389243
36,463.962705353699,117.74207217534,458.526224286959,101.932676769759,18.3070455294237,234.938631825522,12.8878529264917,3.27061311598166,0.0253035292653294,1.09024386865394,0.357995914624768,0.0908503643328238
37,473.125796104499,118.015123775339,467.633667573016,102.786753041538,9.16309075079971,235.757195950679,12.7871836785,3.18959793987402,-9.14395477862399,0.818564125156627,0.345599558878378,0.086205349726325
38,491.471272595711,118.561822460316,474.387684317673,94.1301282946669,18.3454764912121,236.576946235655,12.9334545419924,3.120047959482,9.18238574041243,0.81975028497618,0.340354066894537,0.0821065252495262
39,509.842688695899,119.109321567804,479.215870440485,94.2720728724606,18.3714161001881,237.67114402812,13.072889453741,3.05408516840523,0.0259396089759321,1.09419779246514,0.335202293685667,0.0783098761129547
40,528.240301084032,119.65762886406,498.506909626421,94.8392319622675,18.397612388133,238.766950431864,13.2060075271008,2.99144072160151,0.0261962879449129,1.09580640374452,0.33015018817752,0.0747860180400377
41,537.449011455249,119.932088021036,503.816196987522,94.4001530755071,9.20871037121651,239.589716885097,13.1085124745183,2.92517287856186,-9.18890201691647,0.822766453232134,0.319719816451665,0.0713456799649234
42,546.664367746213,120.206752156,518.775257729662,94.2441613499432,9.21535629096388,240.138840177036,13.0158182796717,2.86206552752381,0.0066459197473705,0.549123291939623,0.309900435230279,0.0681444173219955
43,565.115147991279,120.75669929168,537.769456095254,95.1006101622507,18.4507802450667,240.96345144768,13.1422127439832,2.80829533236466,9.23542395410277,0.824611270644027,0.305632854511238,0.0653091937759222
44,583.592902466544,121.307478160787,547.380621662443,95.383209762478,18.4777544752642,242.064177452467,13.2634750560578,2.75698814001789,0.0269742301975384,1.10072600478702,0.301442614910405,0.0626588213640429
45,583.592902466544,121.307478160787,556.983294136859,95.665567131191,0,242.614956321574,12.9687311659232,2.69572173690638,-18.4777544752642,0.550778869106807,0.288194025909404,0.0599049274868084
46,602.097893173672,121.859096695119,566.303032701699,96.2374573339789,18.5049907071289,243.166574855906,13.0890846342103,2.64911079771998,18.5049907071289,0.551618534331965,0.284545318135006,0.0575893651678256
47,611.360684363984,122.135223327069,585.457877043009,96.800731906137,9.26279119031187,243.994320022188,13.0076741354039,2.59862177291636,-9.24219951681698,0.827745166282057,0.27675902415753,0.0552898249556673
48,620.630383484733,122.411562869086,595.022792598254,97.082012574193,9.26969912074856,244.546786196155,12.9297996559319,2.55024089310595,0.00690793043668236,0.55246617396665,0.269370826165249,0.053130018606374
49,629.907023674207,122.688116324709,608.770099353713,98.081564391724,9.27664018947416,245.099679193795,12.8552453811063,2.50383910866753,0.00694106872560951,0.552892997640129,0.262351946553189,0.0510987573197456
50,639.19063815838,122.964884700206,618.30616643446,98.3620225878902,9.28361448417263,245.653001024915,12.7838127631676,2.45929769400412,0.00697429469846611,0.553321831120456,0.255676255263352,0.0491859538800824
51,657.778923356202,123.519070249611,637.059908104632,108.649329848823,18.5882851978222,246.483954949817,12.8976259481608,2.42194255391394,9.30467071364956,0.830953924901678,0.252894626434526,0.047489069684587
52,667.083660964847,123.796489449823,646.865554050289,99.2020057402593,9.30473760864561,247.315559699434,12.8285319416317,2.3807017201889,-9.28354758917658,0.831604749616872,0.246702537339071,0.0457827253882481
53,676.395506659226,124.074127622551,655.804378918823,109.200911804889,9.31184569437846,247.870617072374,12.7621793709288,2.34102127589719,0.00710808573285249,0.555057372940155,0.240795837187336,0.0441702127527772
54,695.04065708458,124.630064968914,660.485861946066,109.338675365996,18.6451504253537,248.704192591465,12.8711232793441,2.307964166091,9.33330473097521,0.833575519091028,0.238354134802668,0.0427400771498333
55,704.374029432803,124.908366191301,669.24553931844,110.18141640287,9.33337234822329,249.538431160215,12.8068005351419,2.2710612034782,-9.31177807713038,0.834238568749697,0.232850918820761,0.0412920218814217
56,713.714645102316,125.186890483739,664.275348217726,110.327415198764,9.34061566951277,250.09525667504,12.7449043768271,2.23548018720963,0.00724332128947935,0.55682551482505,0.227587578157626,0.0399192890573147
57,732.4177426524,125.744612407744,678.286779110396,110.739766172077,18.7030975500843,250.931502891483,12.8494340816211,2.20604583171481,9.36248188057152,0.836246216443442,0.225428668098615,0.038702558451137
58,741.780292889459,126.023812111033,682.348925530551,111.44343738789,9.36255023705917,251.768424518777,12.7893153946458,2.17282434674195,-9.34054731302513,0.836921627294032,0.220505437838722,0.0374624887369302
59,751.150223161867,126.303239027852,688.27141366846,101.608769349711,9.36993027240806,252.327051138885,12.7313597146079,2.14073286487885,0.00738003534888776,0.558626620107816,0.21578575787471,0.0362836078793025
60,760.527567883199,126.582894201375,700.983830816651,111.991901307986,9.37734472133207,252.886133229227,12.67545946472,2.10971490335625,0.00741444892400978,0.559082090342145,0.211257657745333,0.0351619150559376
61,779.304638803073,127.142893506015,714.941244133437,112.40271541069,18.7770709198739,253.72578770739,12.7754858820176,2.0843097296068,9.39972619854188,0.839654478163084,0.209434194787174,0.0341690119607673
62,793.40716227714,127.563499960581,724.237313363269,112.676339096098,14.1025234740664,254.706393466596,12.7968897141474,2.05747580581582,-4.67454744580755,0.980605759205901,0.206401447002378,0.0331850936421907
63,807.526719387977,127.9846306384,738.491558595152,112.803904779737,14.1195571108374,255.548130598981,12.8178844347298,2.0315020736254,0.0170336367709751,0.841737132385106,0.203458483090949,0.0322460646607206
64,816.9492788532,128.265677425452,743.133426759349,112.94054124678,9.42255946522255,256.250308063852,12.7648324820812,2.00415120977269,-4.69699764561483,0.702177464870829,0.199450507532519,0.0313148626526982
65,826.379496356686,128.546959855116,747.120533457989,113.641796038216,9.43021750348635,256.812637280568,12.7135307131798,1.97764553623255,0.00765803826379852,0.562329216715398,0.195592780202766,0.0304253159420392
66,845.263046338398,129.11023591455,756.388565502279,113.914622416978,18.8835499817119,257.657195769666,12.8070158536121,1.95621569567501,9.45333247822555,0.844558489098517,0.194045694751698,0.0296396317526516
67,854.716449496173,129.392231688208,769.943583430607,114.605401629383,9.45340315777548,258.502467602758,12.7569619327787,1.93122733862996,-9.43014682393641,0.845271833092056,0.190402416907145,0.0288242886362681
68,873.646689599202,129.956944106555,773.898822236929,115.304908427467,18.9302401030291,259.349175794763,12.8477454352824,1.91113153097875,9.47683694525358,0.846708192004598,0.1889374328718,0.0281048754555699
69,883.123597830251,130.239662913959,773.232515073789,115.867798258269,9.47690823104904,260.196607020514,12.7988927221776,1.88753134657912,-9.45333187198003,0.847431225751507,0.185491198872138,0.0273555267620162
70,902.101169633752,130.805831155856,772.569184794511,116.430216825878,18.9775718035003,261.045494069815,12.8871595661965,1.86865473079794,9.50066357245123,0.848887049301084,0.184102279517092,0.0266950675828278
71,911.601905108744,131.089282772214,766.970471403506,117.137255607048,9.50073547499233,261.89511392807,12.8394634522358,1.84632792636921,-9.47683632850794,0.849619858254755,0.180837513411772,0.0260046186812565
72,930.627455742703,131.656926474668,766.643813618976,117.417986160737,19.025550633959,262.746209246882,12.9253813297598,1.82856842325927,9.5248151589667,0.851095318811531,0.179519185135552,0.0253967836563788
73,940.152343431623,131.941120762109,786.73840564354,116.556483291635,9.52488768891953,263.598047236777,12.8787992250907,1.80741261317958,-9.50066294503949,0.851837989895557,0.176421907193024,0.024759076892871
74,959.226525672852,132.510259737464,791.009671436689,116.973152952363,19.0741822412297,264.451380499574,12.9625206172007,1.79067918564141,9.54929455231013,0.853333262796696,0.175169197529739,0.0241983673735326
75,968.775893393357,132.79520664654,810.940706030682,120.172069149143,9.54936772050496,265.305466384004,12.9170119119114,1.7706027552872,-9.5248145207247,0.854085884430333,0.172226825492152,0.0236080367371626
76,978.333494472009,133.080406656227,820.105051604734,120.441949597752,9.55760107865171,265.875613302767,12.8728091377896,1.75105798231877,0.00823335814675374,0.570146918762475,0.169379067602495,0.0230402366094576
77,997.473544229496,133.651570456685,819.081957674558,121.280055278629,19.1400497574868,266.731977112912,12.9542018731103,1.73573468125565,9.58244867883514,0.85636381014524,0.168236387962472,0.022542008847476
78,1007.05606694466,133.937536495571,828.23030388838,121.549481572066,9.58252271516085,267.589106952256,12.9109752172392,1.71714790378937,-9.557527042326,0.85712983934377,0.165525323297938,0.0220147167152483
79,1026.24629396555,134.510242496613,845.814849980276,118.87771850423,19.1902270208889,268.447778992184,12.9904594172854,1.70266129742548,9.60770430572802,0.858672039928251,0.164436195155511,0.0215526746509555
80,1035.85407297177,134.796984727502,850.399441543985,119.01272739909,9.60777900622725,269.307227224116,12.9481759121472,1.68496230909378,-9.58244801466162,0.859448231931765,0.161852198901839,0.0210620288636722
81,1045.47034562889,135.083987963588,849.328490201153,119.852747792798,9.6162726571215,269.88097269109,12.9070413040604,1.66770355510602,0.00849365089425191,0.573745466974742,0.159346188939018,0.0205889327790867
82,1055.09514956817,135.37125334796,858.124650014574,120.402042427332,9.62480393927854,270.455241311548,12.8670140191241,1.6508689432678,0.00853128215703691,0.574268620457133,0.156914805111269,0.0201325480886317
83,1074.37050238668,135.946575151561,861.980172018003,121.095676860114,19.2753528185076,271.31782849952,12.9442229203214,1.63791054399471,9.65054887922906,0.862587187972622,0.155954493015921,0.0197338619758398
84,1084.02112709881,136.234633874674,865.473412720419,122.067667197519,9.65062471212696,272.181209026234,12.9050134178429,1.6218408794604,-9.62472810638064,0.863380526714309,0.153631112117178,0.0193076295173857
85,1093.68043476019,136.522959353879,865.831060133728,121.788634938281,9.65930766137899,272.757593228553,12.8668286442375,1.60615246298681,0.00868294925203372,0.576384202318422,0.151374454638088,0.0188959113292566
86,1103.34846357636,136.811552750091,868.607105966914,123.316878433765,9.66802881617059,273.33451210397,12.8296332973995,1.59083200872199,0.00872115479160129,0.576918875417505,0.149181782527901,0.0184980466130464
87,1113.02525186967,137.100415227851,873.519195922,123.172539040599,9.67678829331726,273.911967977943,12.7933936996514,1.57586684169944,0.00875947714666836,0.577455873972212,0.147050502294844,0.0181134119735568
88,1132.40526076526,137.678952104426,877.356573555683,123.863493533019,19.3800088955895,274.779367332277,12.8682415996053,1.5645335466412,9.70322060227227,0.867399354334339,0.146230018177333,0.0177787903027409
89,1142.10855860233,137.968628850636,881.547663338334,124.275709841718,9.70329783706438,275.647580955062,12.832680433734,1.55020931292849,-9.67671105852514,0.868213622784651,0.144187420603753,0.0174180821677359
90,1151.82077038747,138.258579373225,889.918627198217,125.099424104367,9.71221178514588,276.227208223861,12.7980085598608,1.53620643748028,0.00891394808149926,0.579627268799641,0.142200095109565,0.0170689604164476
91,1171.27209158873,138.839306483211,884.661140077169,125.52113540697,19.4513212012525,277.097885856437,12.8711218855904,1.52570666465067,9.73910941610666,0.87067763257528,0.141440899841653,0.0167660073038535
92,1181.011279201,139.130085447839,893.738417286671,125.788545923238,9.7391876122756,277.96939193105,12.83707912175,1.51228353747651,-9.71213358897694,0.87150607461399,0.139533468714674,0.0164378645377882
93,1200.51690485491,139.712480167863,902.809708476858,126.055786781356,19.5056256539119,278.842565615702,12.9087839231711,1.50228473298778,9.76643804163632,0.873173684651874,0.138804128206141,0.0161535992794384
94,1210.28342182814,140.004098323314,902.447421445257,126.333215224927,9.76651697322268,279.716578491177,12.8753555513632,1.48940530131185,-9.73910868068924,0.874012875474591,0.136971867567693,0.0158447372479984
95,1220.05912772665,140.29599861551,909.10561461808,117.827192655094,9.77570589850939,280.300096938824,12.8427276602805,1.47679998542642,0.00918892528670767,0.583518447646838,0.135186606950321,0.0155452630044886
96,1239.63826553293,140.880650452771,909.696167009329,127.985308186375,19.5791378062818,281.176649068281,12.9128985993013,1.4675067755497,9.80343190777239,0.876552129457195,0.134509360409389,0.015286528911976
97,1249.44177737241,141.173404428929,918.737986974387,128.251714076121,9.80351183948505,282.0540548817,12.880843065695,1.45539592194772,-9.77562596679672,0.877405813418591,0.132792196553556,0.0150040816695641
98,1269.07688770588,141.75977460359,927.774003965199,128.517955622522,19.6351103334659,282.933179032519,12.9497641602641,1.44652831228153,9.83159849398089,0.87912415081928,0.132140450614939,0.0147604929824646
99,1278.90856689661,142.053393256929,938.149283124173,117.512753241629,9.83167919073458,283.813167860519,12.918268352491,1.434882760171,-9.80343114273137,0.879988828000251,0.130487559116071,0.0144937652542525
100,1288.74971611622,142.3473025975,958.992666861031,119.588535325268,9.84114921960736,284.400695854429,12.8874971611622,1.423473025975,0.00947002887278359,0.587527993909589,0.128874971611622,0.01423473025975
101,1308.46058746095,142.935998294244,968.518701895124,119.577011770285,19.7108713447342,285.283300891744,12.9550553213956,1.41520790390341,9.86972212512683,0.882605037315443,0.128267874469263,0.0140119594445882
102,1318.33039132321,143.230787137536,985.51268769428,120.953479129655,9.86980386225969,286.16678543178,12.9248077580707,1.40422340330918,-9.8410674824745,0.883484540036306,0.126713801549713,0.0137668961108743
103,1338.09894076121,143.821253062504,995.021459980158,120.941746895333,19.7685494379953,287.05204020004,12.9912518520506,1.39632284526703,9.89874557573557,0.885254768259756,0.126128658757773,0.0135565324783207
104,1352.95083939177,144.264884661998,994.608107824979,121.221403986278,14.8518986305594,288.086137724502,13.0091426864593,1.38716235251921,-4.91665080743587,1.03409752446169,0.125087910446724,0.013338099543454
105,1367.82473920677,144.709191415792,1003.28200955846,121.768614413018,14.8738998150029,288.97407607779,13.0269022781597,1.37818277538849,0.0220011844435248,0.887938353287609,0.124065735982474,0.0131255502417952
106,1377.75296477729,145.00577311903,1002.04136244896,122.606312062553,9.92822557051659,289.714964534822,12.997669479031,1.36797899168896,-4.94567424448633,0.74088845703227,0.122619523387085,0.0129054621857449
107,1387.69107307158,145.302658069508,1006.99185585054,122.46087592795,9.93810829428867,290.308431188538,12.9690754492671,1.35796876700474,0.00988272377207977,0.59346665371595,0.121206312609973,0.0126912968878948
108,1407.59710602411,145.897342832834,1009.04890512438,124.267057445445,19.906032952535,291.200000902342,13.0333065372603,1.35090132252624,9.96792465824637,0.891569713803847,0.120678764233892,0.0125083455789467
109,1417.56511512535,146.195145216766,1013.16354815008,124.678731926107,9.96800910123602,292.0924880496,13.0051845424344,1.341239864374,-9.93802385129902,0.892487147258635,0.119313619655361,0.0123049528841652
110,1427.54317583791,146.493255990156,1018.51327999023,124.25531589978,9.97806071255809,292.688401206922,12.9776652348901,1.33175687263778,0.0100516113220692,0.595913157322002,0.117978774862637,0.0121068806603435
111,1447.52962252529,147.090407895332,1022.62258201151,124.666976351063,19.9864466873837,293.583663885488,13.0408074101378,1.32513880986786,10.0083859748256,0.895262678565814,0.117484751442682,0.011938187476287
112,1457.53809406884,147.389451633136,1035.76448067869,125.344644211043,10.0084715435487,294.479859528468,13.0137329827575,1.31597724672443,-9.97797514383501,0.896195642979819,0.116194044488906,0.0117497968457538
113,1477.58574854957,147.988481227484,1039.4430335089,126.033535007615,20.0476544807325,295.37793286062,13.0759800756599,1.30963257723438,10.0391829371838,0.898073332152535,0.115716637837698,0.011589668825083
114,1487.62501791657,148.288469716768,1041.87111919952,127.553946731824,10.0392693670001,296.276950944252,13.0493422624261,1.30077605014708,-10.0083851137324,0.899018083631745,0.114467914582685,0.0114103162293604
115,1497.67463989657,148.588775763457,1050.87575881846,127.819300045571,10.0496219799993,296.877245480225,13.0232577382311,1.29207631098658,0.0103526129992133,0.60029453597258,0.113245719462879,0.011235446182492
116,1517.80511615953,149.190345844318,1050.87575881846,127.819300045571,20.130476262962,297.779121607775,13.0845268634442,1.2861236710717,10.0808542829627,0.901876127550167,0.112797645374519,0.0110872730264802
117,1532.93047415899,149.642366901018,1059.87479089585,128.08449469318,15.1253579994618,298.832712745335,13.1019698646068,1.27899458889759,-5.00511826350021,1.05359113756049,0.111982648415443,0.0109315776828854
118,1548.07956943266,150.095115986978,1067.60467278601,129.180013483218,15.1490952736604,299.737482887996,13.1193183850225,1.27199250836422,0.0237372741985382,0.904770142660709,0.111180664279852,0.0107795975285104
119,1558.19222743477,150.397355420018,1075.74136454474,129.997627989081,10.1126580021155,300.492471406997,13.0940523313846,1.2638433228573,-5.03643727154486,0.75498851900079,0.110034053204913,0.0106205321248512
120,1568.31554622463,150.699921801007,1080.22640407627,130.1298158845,10.1233187898606,301.097277221025,13.0692962185386,1.25583268167506,0.0106607877451097,0.604805814028168,0.108910801821155,0.0104652723472921
121,1588.59434482951,151.306040852356,1078.54691758237,131.234335947617,20.2787986048825,302.005962653363,13.1288788828885,1.25046314754013,10.1554798150219,0.908685432337961,0.108503131263542,0.0103344061780176
122,1608.91632410753,151.913484079764,1092.4001810335,131.354354505906,20.3219792780201,303.219524932121,13.1878387221929,1.24519249245709,0.0431806731376128,1.21356227875776,0.108097038706499,0.0102064958398122
123,1619.09361931953,152.217705698847,1101.50305016112,125.536825293041,10.1772952119968,304.131189778612,13.1633627586954,1.23754232275486,-10.1446840660233,0.911664846491021,0.107019209420288,0.010061319697194
124,1634.38007174065,152.67466702562,1110.51050475049,125.802258265275,15.286452421115,304.892372724467,13.1804844495213,1.23124731472274,5.10915720911817,0.76118294585558,0.106294229431624,0.00992941382840921
125,1639.4810478979,152.827155868913,1137.49925299393,126.59760604896,5.10097615725408,305.501822894533,13.1158483831832,1.22261724695131,-10.1854762638609,0.609450170065884,0.104926787065466,0.00978093797561044
126,1659.91256520162,153.437957900192,1155.46403647424,127.127053941679,20.4315173037248,306.265113769105,13.1739092476319,1.21776157063644,15.3305411464708,0.763290874571794,0.104554835298666,0.0096647743701305
127,1670.14497191764,153.74386936433,1170.62878954564,129.319139164623,10.2324067160203,307.181827264521,13.1507478103752,1.21058164853803,-10.1991105877046,0.916713495416388,0.103549195357285,0.00953213896486637
128,1690.64331246871,154.35672023433,1181.43447625406,128.47476262538,20.4983405510616,308.10058959866,13.2081508786618,1.20591187683071,10.2659338350413,0.918762334138592,0.103188678739545,0.00942118653773989
129,1706.04658705469,154.817263415795,1196.52141165441,130.663000292415,15.4032745859827,309.173983650126,13.2251673415092,1.20013382492864,-5.0950659650789,1.07339405146558,0.102520677065963,0.00930336298394298
130,1711.18666572712,154.970951145069,1196.52141165441,130.663000292415,5.14007867243072,309.788214560864,13.1629743517471,1.19208423957745,-10.263195913552,0.61423091073857,0.101253648859593,0.00916987876598041
131,1731.77540584776,155.586573509943,1222.34025207609,132.004233451253,20.5887401206451,310.557524655012,13.2196595866242,1.18768376725148,15.4486614482144,0.769310094148295,0.100913431958963,0.0090662882996296
132,1742.086913629,155.894910076842,1233.14921610275,131.162137600365,10.3115077812326,311.481483586786,13.197628133553,1.18102204603668,-10.2772323394124,0.923958931773313,0.0999820313147955,0.00894713671239912
133,1762.74444139159,156.512641203304,1249.04208152607,132.791475156845,20.657527762593,312.407551280146,13.253717604448,1.17678677596469,10.3460199813603,0.926067693360437,0.0996520120635191,0.00884802087191497
134,1773.09055658249,156.822038668073,1262.85897215389,132.908859156125,10.3461151908982,313.334679871376,13.2320190789738,1.17031372140353,-10.3114125716947,0.927128591230257,0.0987464110371179,0.00873368448808602
135,1783.44830306961,157.131792679468,1276.67327432759,133.026034389585,10.3577464871241,313.953831347541,13.210728170886,1.1639392050331,0.0116312962259144,0.619151476164461,0.0978572457102668,0.00862177188913407
136,1793.81772888438,157.441904703338,1294.42958926662,133.549595979,10.3694258147684,314.573697382806,13.1898362417969,1.15766106399513,0.0116793276442877,0.619866035265204,0.0969840900132126,0.00851221370584655
137,1814.59181148553,158.063208678668,1294.42958926662,133.549595979,20.7740826011536,315.505113382006,13.245195704274,1.1537460487494,10.4046567863852,0.931415999199771,0.0966802606151385,0.00842150400547009
138,1824.99656520071,158.3744035887,1301.32682767385,134.91275462299,10.4047537151791,316.437612267368,13.2246127913095,1.14764060571521,-10.3693288859745,0.932498885361838,0.0958305274732574,0.00831623627329866
139,1835.4131921031,158.685962428409,1309.19859862357,135.72396548602,10.4166269023867,317.060366017108,13.2044114539791,1.14162562898136,0.0118731872075841,0.622753749740468,0.094995765855965,0.00821313402144861
140,1845.841741096,158.997886690703,1318.53938215239,135.709955708923,10.4285489929002,317.683849119111,13.1845838649714,1.13569919064788,0.011922090513508,0.623483102003092,0.0941755990355102,0.00811213707605626
141,1856.28226126009,159.310177873999,1327.38375919032,135.970785016495,10.4405201640843,318.308064564702,13.1651224202843,1.12985941754609,0.0119711711840864,0.62421544559038,0.0933696625552077,0.00801318735848292
142,1877.19941231737,159.935867024973,1335.227131458,136.780927782371,20.9171510572805,319.246044898972,13.2197141712491,1.12630892271108,10.4766308931962,0.937980334270151,0.093096578670768,0.00793175297683857
143,1887.67614226784,160.249268017294,1338.64905337281,137.460141122868,10.4767299504697,320.185135042267,13.2005324634114,1.12062425186919,-10.4404211068108,0.939090143295061,0.092311415828052,0.00783653322985447
144,1898.16504150609,160.563041979965,1341.08346586904,138.686914851408,10.4888992382535,320.812309997259,13.1817016771256,1.11502112486087,0.0121692877837631,0.62717495499237,0.091539594980039,0.00774320225597826
145,1908.66616001488,160.877190439406,1349.89543626202,138.946832685554,10.5011185087883,321.440232419371,13.1632148966543,1.10949786509935,0.0122192705348425,0.627922422112078,0.0907807923907195,0.0076517094144783
146,1929.70525569368,161.506616982789,1357.21855546889,140.027687691739,21.0390956788074,322.383807422195,13.2171592855732,1.10620970536157,10.5379771700191,0.943575002823309,0.0905284882573506,0.00757677880384634
147,1940.24333375097,161.821898148184,1357.71212663971,139.75409735008,10.5380780572855,323.328515130973,13.1989342432039,1.10082923910329,-10.5010176215219,0.944707708778196,0.0897886683211148,0.00748863427961425
148,1961.35680391793,162.453604013437,1364.04375450736,141.380306979501,21.1134701669589,324.275502161621,13.2524108372833,1.09765948657728,10.5753921096734,0.946987030648643,0.0895433164681304,0.00741661815254918
149,1971.93229803811,162.770031829621,1376.72375007339,142.041874487596,10.5754941201849,325.223635843058,13.2344449532759,1.09241632100417,-10.537976046774,0.948133681436957,0.0888217782099056,0.00733165316110181
150,1982.52036650554,163.086844988866,1376.23195496973,142.314731925718,10.5880684674275,325.856876818487,13.2168024433703,1.08724563325911,0.012574347242662,0.633240975428862,0.0881120162891352,0.00724830422172738
151,2003.73443259631,163.721633634182,1386.10739348434,139.437752063688,21.2140660907689,326.808478623048,13.2697644542802,1.08424922936544,10.6259976233414,0.951601804560369,0.0878792347965576,0.00718045847261882
152,2014.36053375801,164.039612284017,1393.88805655131,140.244533132736,10.6261011617034,327.761245918199,13.2523719326185,1.07920797555275,-10.5879649290655,0.952767295151489,0.0871866574514376,0.00710005247074175
153,2035.65113261537,164.676746192652,1402.67332624237,140.503701073382,21.2905988573534,328.716358476669,13.3049093634991,1.07631860256635,10.66449769565,0.955112558470091,0.086960191918295,0.00703476210827681
154,2046.31573501838,164.995904651514,1416.67772082582,142.933136382936,10.6646024030119,329.672650844165,13.2877645131064,1.07140197825658,-10.6259964543415,0.956292367496189,0.0862841851500413,0.00695715570296482
155,2056.99327620449,165.31545959032,1443.95902457613,143.162646560599,10.6775411861129,330.311364241834,13.2709243626096,1.06655135219562,0.0129387831009353,0.638713397668653,0.085618866855546,0.00688097646577816
156,2078.38738651927,165.955765375546,1452.19471813277,143.693442068178,21.3941103147781,331.271224965866,13.3229960674312,1.0638190088176,10.7165691286652,0.959860724032296,0.0854038209450719,0.00681935262062566
157,2089.10406194547,166.27651947141,1460.9376629255,143.951423647528,10.7166754262034,332.232284846956,13.3063952990158,1.05908611128287,-10.6774348885747,0.961059881089568,0.0847541101848137,0.00674577140944501
158,2110.57692059423,166.919238240297,1464.27844960239,144.625199104342,21.4728586487536,333.195757711707,13.3580817759128,1.05645087493859,10.7561832225501,0.963472864750656,0.0845448213665369,0.00668639794264928
159,2121.33321133108,167.241206200552,1468.64534540164,144.754061824418,10.7562907368574,334.160444440849,13.3417183102584,1.05183148553806,-10.7165679118962,0.964686729141931,0.0839101780519396,0.00661529236187461
160,2132.10281502788,167.563582080129,1467.61930403818,145.298458287242,10.7696036967991,334.804788280681,13.3256425939243,1.04727238800081,0.0133129599416861,0.644343839832572,0.0832852662120267,0.00654545242500505
161,2148.28230114995,168.04791438038,1474.81065539281,146.371717553411,16.1794861220651,335.611496460509,13.3433683301239,1.04377586571664,5.40988242526601,0.806708179827865,0.0828780641622603,0.00648307991128351
162,2164.4920476401,168.53317386322,1479.16958228724,146.500357476444,16.2097464901526,336.581088243599,13.3610620224698,1.04032823372358,0.0302603680875109,0.969591783090436,0.0824756914967269,0.00642177922051591
163,2186.15243474132,169.181638581113,1482.50642222446,147.172219388933,21.6603871012148,337.714812444333,13.4119781272473,1.03792416307431,5.45064061106223,1.13372420073347,0.0822820744002904,0.00636763290229641
164,2197.00306323628,169.506497055916,1481.99779937491,147.443706640944,10.8506284949672,338.688135637029,13.3963601416847,1.03357620156046,-10.8097586062477,0.973323192696171,0.0816851228151503,0.00630229391195404
165,2207.86738900778,169.831775204342,1489.18101685667,148.514441429002,10.8643257715012,339.338272260258,13.3810144788351,1.02928348608692,0.0136972765340033,0.650136623228491,0.0810970574474852,0.00623808173386012
166,2224.18968207999,170.320483047965,1491.50598019418,144.853464050322,16.322293072204,340.152258252307,13.3987330245782,1.02602700631304,5.45796730070288,0.813985992049311,0.0807152591842063,0.00618088558019905
167,2240.54310860769,170.810144781508,1504.59165448544,145.239632381494,16.3534265277003,341.130627829473,13.416425800046,1.02281523821262,0.0311334554962741,0.978369577166177,0.0803378790421919,0.00612464214498576
168,2262.39643601836,171.464520984797,1508.42635406094,145.640481114639,21.8533274106712,342.274665766305,13.4666454524902,1.02062214871903,5.49990088297091,1.14403793683232,0.0801586038838705,0.00607513183761329
169,2273.34412391342,171.792353230448,1511.21362794866,146.584998938096,10.9476878950572,343.256874215246,13.4517403781859,1.01652280018017,-10.905639515614,0.982208448940582,0.0795960969123426,0.00601492781171697
170,2284.305903958,172.120617231953,1517.88020034608,152.785152890234,10.961780044584,343.912970462401,13.4370935526941,1.01247421901149,0.0140921495267321,0.656096247155119,0.0790417267805537,0.00595573070006756
171,2295.28183344944,172.449314742894,1516.39227443809,153.594304670968,10.9759294914347,344.569931974846,13.4227007804061,1.00847552481224,0.0141494468507517,0.656961512445378,0.078495326201205,0.0058975176889605
172,2317.27637109143,173.108017342531,1525.04795990913,153.849852103871,21.9945376419955,345.557332085425,13.4725370412293,1.00644196129379,11.0186081505608,0.987400110578619,0.078328703728077,0.00585140675170806
173,2328.29509496986,173.438025973611,1528.87848990978,154.247061659989,11.0187238784274,346.546043316142,13.4583531501148,1.00253194204399,-10.9758137635681,0.988711230717172,0.0777939488445942,0.00579498232395372
174,2350.37574388089,174.099366807686,1536.53568830906,155.041008910275,22.0806489110309,347.537392781297,13.5079065740281,1.00057107360739,11.0619250326035,0.991349465154826,0.077631646977173,0.00575040846900799
175,2350.37574388089,174.099366807686,1562.8070557092,158.083384850467,0,348.198733615372,13.4307185364622,0.994853524615349,-22.0806489110309,0.661340834074963,0.0767469630654984,0.00568487728351628
176,2372.51438508321,174.762484367412,1562.8070557092,158.083384850467,22.1386412023157,348.861851175098,13.4801953697909,0.992968661178479,22.1386412023157,0.663117559726288,0.0765920191465394,0.00564186739305954
177,2394.71149075369,175.42739311025,1560.85825483512,159.156250601468,22.1971056704861,350.189877477662,13.5294434505858,0.991115215312147,0.0584644681703139,1.32802630256401,0.076437533619129,0.00559952099046411
178,2405.83211635248,175.760523725384,1568.49940369686,159.94641170169,11.1206255987836,351.187916835634,13.5159107660251,0.98741867261452,-11.0764800717025,0.998039357972175,0.0759320829551974,0.00554729591356472
179,2416.96753685038,176.094107611166,1585.70552390052,160.454592125698,11.1354204979052,351.85463133655,13.5026119377116,0.98376596430819,0.0147948991216253,0.666714500915987,0.075433586244199,0.0054958992419452
180,2439.28300315674,176.762642564027,1585.70552390052,160.454592125698,22.3154663063569,352.856750175193,13.5515722397597,0.982014680911259,11.1800458084517,1.00211883864222,0.0752865124431092,0.00545563711617366
181,2450.46316987792,177.097597334622,1597.14131496788,161.638241504066,11.180166721183,353.860239898649,13.5384705518117,0.978439764279682,-11.1352995851739,1.00348972345637,0.0747981798442636,0.00540574455403139
182,2461.65837332653,177.433012782991,1601.43639802815,161.765108945353,11.1952034486139,354.530610117613,13.5255954578381,0.974906663642805,0.0150367274309247,0.670370218963853,0.07431645855955,0.00535663002001541
183,2484.09413492932,178.105233203934,1609.05270086838,162.553419383086,22.4357616027846,355.538245986925,13.5742848903241,0.973252640458657,11.2405581541707,1.0076358693118,0.0741764201657057,0.00531832043966479
184,2495.33481596561,178.442041941247,1607.125400749,163.621747970914,11.24068103629,356.547275145181,13.5616022606827,0.969793706202429,-11.1950805664947,1.00902915825645,0.0737043601124057,0.00527061796849146
185,2506.59077949647,178.779318885893,1606.64689475033,163.888634529039,11.2559635308608,357.22136082714,13.5491393486296,0.966374696680504,0.0152824945707835,0.674085681959014,0.0732385910736733,0.0052236470090838
186,2529.14880256785,179.455285012517,1626.27304980755,127.452139634326,22.558023071384,358.23460389841,13.5975742073541,0.96481336028235,11.3020595405233,1.01324307127015,0.0731052376739465,0.00518716860366855
187,2540.45098700653,179.793978021905,1635.1103678622,127.71277028451,11.3021844386803,359.249263034422,13.5852993957569,0.961465123111791,-11.2558386327037,1.01465913601169,0.0726486598703576,0.00514152472252295
188,2551.76870373911,180.133146893545,1643.94301478882,127.973269511925,11.3177167325748,359.92712491545,13.5732377858463,0.958155036667794,0.0155322938944664,0.677861881028093,0.0721980733289698,0.00509656934397763
189,2574.45098670956,180.812919966318,1661.5944065012,128.493876939303,22.6822829704533,360.946066859863,13.6214337921141,0.956682116223904,11.3645662378785,1.01894194441297,0.0720710782651539,0.00506181013875081
190,2585.81567990956,181.153528059035,1670.4132067724,128.753986755893,11.3646931999965,361.966448025353,13.6095562100503,0.953439621363344,-11.3175897704568,1.02038116549011,0.0716292432107911,0.00501810327033339
191,2597.19615933076,181.494619797273,1679.22744688719,129.013968382986,11.3804794211965,362.648147856309,13.5978856509464,0.950233611504049,0.01578622119996,0.681699830955495,0.0711931185913422,0.00497504508640863
192,2620.00473365564,182.178262083509,1676.5954569057,130.128007850862,22.8085743248876,363.672881880782,13.6458579877898,0.948845115018274,11.4280949036911,1.02473402447322,0.0710721770197386,0.00494190164072018
193,2631.4329576346,182.520816588805,1632.90433067849,169.424262574579,11.4282239789536,364.699078672313,13.6343676561378,0.94570371289536,-11.3803503459339,1.02619679153122,0.070644392000714,0.00490001923779979
194,2642.87722598843,182.863862654321,1640.06549287201,170.472470542555,11.4442683538364,365.384679243125,13.6230784844765,0.942597230176912,0.0160443748827674,0.685600570812312,0.0702220540436931,0.00485874860915934
195,2654.33760392773,183.207402279638,1639.15211172161,171.002650622202,11.4603779392937,366.071264933959,13.6119877124499,0.939525139895582,0.0161095854573432,0.686585690833908,0.0698050651920507,0.00481807764049016
196,2677.30695076685,183.895970250353,1642.30084395363,174.429509308221,22.9693468391251,367.103372529991,13.6597293406472,0.938244746175269,11.5089688998314,1.03210759603189,0.0696924966359551,0.00478696299069015
197,2688.81605145457,184.241002637417,1647.00101681242,174.291213663109,11.509100687721,368.136972887769,13.6488124439318,0.935233515925973,-11.4602461514041,1.03360035777814,0.0692833118981312,0.00474737825343133
198,2711.88343891062,184.932574383669,1655.82863180334,177.043286830498,23.0673874560434,369.173577021086,13.6963810045991,0.934002900927622,11.5582867683224,1.03660413331636,0.069173641437369,0.00471718636832132
199,2723.4418591334,185.279117836366,1671.9652105729,178.072746232014,11.5584202227838,370.211692220035,13.6856374830824,0.931050843398825,-11.5089672332597,1.03811519894953,0.0687720476536805,0.00467864745426545
200,2740.81058634464,185.799885780233,1680.4614830319,178.323927238519,17.3687272112356,371.079003616599,13.7040529317232,0.928999428901167,5.81030698845188,0.867311396564219,0.0685202646586159,0.00464499714450583
201,2746.60848831649,185.973730200383,1680.4614830319,178.323927238519,5.79790197185685,371.773615980616,13.6647188473457,0.925242438807873,-11.5708252393788,0.694612364016393,0.0679836758574415,0.00460319621297449
202,2769.84195346351,186.670390345044,1688.95569930218,178.575053317627,23.2334651470164,372.644120545426,13.7120888785322,0.924110843292295,17.4355631751596,0.87050456481029,0.0678816281115456,0.00457480615491235
203,2781.48391971743,187.019493557035,1703.34647825943,180.655367149382,11.6419662539229,373.689883902078,13.7018912301351,0.921278293384407,-11.5914988930936,1.04576335665206,0.0674970011336706,0.00453831671617934
204,2793.14279977388,187.369114998496,1711.82885965073,180.906178426389,11.6588800564441,374.38860855553,13.6918764694798,0.918476053914196,0.0169138025212305,0.698724653452246,0.0671170415170578,0.00450233359761861
205,2804.81866250931,187.719256783054,1711.82885965073,180.906178426389,11.6758627354338,375.08837178155,13.682042256143,0.915703691624652,0.0169826789897343,0.699763226019058,0.0667416695421608,0.00446684727621781
206,2828.22161299445,188.42110988175,1720.30935206683,181.156939691344,23.4029504851433,376.140366664803,13.729231131041,0.914665581950242,11.7270877497094,1.05199488325388,0.066646753063306,0.00444012418422447
207,2839.94883997382,188.772825469092,1727.9292687564,181.933060331768,11.7272269793693,377.193935350842,13.7195596134001,0.911946016758899,-11.6757235057739,1.05356868603849,0.0662780657652179,0.00440553631284492
208,2863.45514772208,189.47784547254,1734.69952256398,183.233638919171,23.5063077482573,378.250670941633,13.7666112871254,0.910951180156444,11.779080768888,1.05673559079059,0.0661856311881028,0.00437957298152137
209,2875.2343695216,189.831154217905,1742.32325096017,184.008675409908,11.7792217995238,379.308999690445,13.7571022465148,0.908283034535429,-11.7270859487335,1.05832874881253,0.0658234557249514,0.00434585183988244
210,2887.03106446509,190.184998360966,1748.27936782811,185.83113536349,11.7966949434885,380.01615257887,13.7477669736433,0.905642849337932,0.0174731439647076,0.707152888425298,0.065465557017349,0.00431258499684729
211,2910.67715920428,190.894301603245,1750.78948673566,184.259061730774,23.6460947391924,381.07929996421,13.7946784796412,0.904712329873198,11.8493997957039,1.06314738534002,0.0653776231262614,0.00428773616053648
212,2922.52670248297,191.249765108055,1761.38442864719,185.944614435729,11.8495432786885,382.1440667113,13.7855033135989,0.902121533528562,-11.7965514605039,1.06476674708938,0.06502595902641,0.00425529025249321
213,2934.39400587533,191.605772821857,1757.57190322572,185.557612186549,11.8673033923615,382.855537929912,13.7764976801659,0.899557618881957,0.0177601136729209,0.711471218612132,0.0646783928646286,0.00422327520601858
214,2958.18218340799,192.319429794745,1764.36818191435,186.854982774526,23.7881775326587,383.925202616602,13.8232812308785,0.898688924274509,11.9208741402972,1.06966468668998,0.0645947721069087,0.00419948095455378
215,2970.10320354344,192.677083537628,1772.82318483001,187.105077558295,11.9210201354517,384.996513332373,13.8144335048532,0.896172481570361,-11.8671573972069,1.07131071577078,0.0642531790923406,0.00416824410032726
216,2982.04227578673,193.035290457224,1771.17869158683,188.151199955068,11.9390722432872,385.712373994852,13.8057512767904,0.893681900264926,0.0180521078355014,0.715860662478917,0.063915515170326,0.00413741620493021
217,2993.9994739358,193.394052820351,1779.62923356681,188.401180191927,11.9571981490708,386.429343277575,13.7972325987825,0.891216833273509,0.0181259057835632,0.716969282723767,0.0635817170450806,0.00410699001508529
218,3017.96854476335,194.113252994938,1783.44518735858,188.787512143954,23.9690708275475,387.50730581529,13.8438924071713,0.890427766031828,12.0118726784767,1.07796253771448,0.0635040936108777,0.00408453103684325
219,3035.99348203992,194.654128173502,1786.45009335854,189.696162025144,18.0249372765675,388.767381168441,13.8629839362553,0.888831635495445,-5.94413355098004,1.26007535315102,0.0633012965125814,0.00405859194290157
220,3042.01101291833,194.834702398626,1793.28613271113,190.990049359532,6.01753087841462,389.488830572128,13.8273227859924,0.885612283630118,-12.0074063981529,0.721449403687529,0.0628514672090564,0.0040255103801369
221,3054.05995896273,195.196276336624,1789.46499317223,190.604233150507,12.0489460443932,390.03097873525,13.8192758324105,0.88324106939649,6.03141516597861,0.542148163121965,0.0625306598751607,0.003996565924871
222,3078.21365383582,195.921134326116,1792.0939419993,191.772492370433,24.1536948730918,391.11741066274,13.8658272695307,0.88252763209962,12.1047488286986,1.08643192748968,0.0624586813942825,0.00397534969414243
223,3090.31855521299,196.284423065487,1795.91866296489,192.158035351556,12.1049013771735,392.205557391602,13.8579307408654,0.880199206571689,-12.0487934959183,1.08814672886228,0.0621431871787687,0.00394708164381923
224,3108.51119053749,196.830437488514,1799.74382919213,192.54349947248,18.1926353244962,393.114860554001,13.8772821006138,0.878707310216582,6.0877339473227,0.909303162398828,0.0619521522348829,0.00392280049203831
225,3114.58484976517,197.012731832467,1807.39557444832,193.314194356632,6.07365922768076,393.843169320981,13.8425993322896,0.875612141477631,-12.1189760968155,0.728308766980263,0.061522663699065,0.00389160951767836
226,3138.92698260166,197.743364840304,1810.44506159439,194.220151242719,24.3421328364948,394.756096672771,13.8890574451401,0.874970640886299,18.268473608814,0.912927351789222,0.0614560063944252,0.00387155150834646
227,3151.12668313208,198.109558921177,1813.50500853439,195.125573176611,12.1997005304192,395.85292376148,13.8816153441942,0.872729334454522,-12.1424323060755,1.09682708870969,0.0611524905030581,0.00384462261874239
228,3163.34557763839,198.476341267977,1821.93478045543,195.375034348448,12.2188945063108,396.585900189153,13.8743227089403,0.870510268719195,0.0191939758915396,0.732976427672838,0.0608522925830716,0.00381802749438244
229,3181.71008071882,199.027623093795,1821.16985086393,195.895182566068,18.3645030804282,397.503964361772,13.8939304834883,0.869116258051508,6.14560857411743,0.91806417261887,0.0606721855174162,0.00379526750240833
230,3193.97730597981,199.395886737584,1825.38382109612,196.019891101646,12.2672252609909,398.42350983138,13.8868578520861,0.866938637989497,-6.09727781943729,0.919545469607783,0.0603776428351571,0.00376929842604129
231,3212.41467807475,199.94940197424,1828.08228215293,197.184210267038,18.4373720949425,399.345288711824,13.9065570479427,0.865581826728311,6.17014683395155,0.921778880444435,0.0602015456620894,0.00374710747501433
232,3237.06645961354,200.689525492824,1836.50701204977,197.433551063741,24.651781538787,400.638927467064,13.952872670748,0.865041058158723,6.21440944384449,1.2936387552395,0.0601416925463277,0.00372862525068415
233,3249.42194021385,201.060494215902,1835.75676253054,197.953025548163,12.3554806003085,401.750019708726,13.9460169107891,0.862920576033915,-12.2963009384785,1.11109224166239,0.0598541498317127,0.00370352178555328
234,3261.79725577241,201.432070915683,1835.01206871966,198.472294957543,12.3753155585564,402.492565131585,13.9393045118479,0.860820815878985,0.0198349582478841,0.742545422858711,0.0595696774010594,0.00367872143538028
235,3286.60771919919,202.177058317161,1846.53614312626,199.624681556564,24.8104634267856,403.609129232843,13.9855647625498,0.860327907732599,12.4351478682293,1.11656410125852,0.0595130415427649,0.00366096982013872
236,3299.04303171879,202.550474083867,1946.77336163193,134.81626239564,12.4353125195985,404.727532401028,13.9789958971135,0.858264720694352,-12.3751509071872,1.11840316818461,0.0592330334623454,0.00363671491819641
237,3311.49850850402,202.924507957451,1849.64932400577,200.527308736129,12.4554767852251,405.474982041318,13.9725675464304,0.856221552563084,0.0201642656265903,0.747449640290142,0.0589559812085673,0.00361274916693284
238,3336.47028833363,203.674440284944,1853.4953998801,200.911138073906,24.9717798296151,406.598948242395,14.0187827240909,0.855774959180436,12.51630304439,1.12396620107666,0.0589024484205499,0.00359569310580015
239,3348.98675906654,204.050343898554,1865.39798131698,201.803183116356,12.5164707329141,407.724784183497,14.01249689986,0.853767129282651,-12.4553090967011,1.12583594110265,0.0586296941416737,0.00357224740285628
240,3374.08128428717,204.80403901508,1873.45366685296,202.311382193801,25.0945252206284,408.854382913634,14.0586720178632,0.853350162562834,12.5780544877143,1.12959873013642,0.0585778000744301,0.00355562567734514
241,3399.25848855776,205.560268778752,1877.30251029272,202.694956669035,25.1772042705898,410.364307793832,14.1048070064637,0.852947173355816,0.0826790499613708,1.50992488019801,0.0585261701513018,0.00353919988944322
242,3411.87830958098,205.939340747375,2029.26791028241,137.251352148544,12.6198210232205,411.499609526127,14.0986707007479,0.85098901135279,-12.5573832473692,1.13530173229492,0.0582589698378011,0.00351648351798673
243,3424.51905825485,206.319054315515,1880.44220111066,203.596267325855,12.6407486738644,412.25839506289,14.0926710216249,0.849049606236687,0.0209276506438982,0.758785536763298,0.0579945309531888,0.00349403130138554
244,3449.86368613994,207.080416950459,2059.57820775643,138.146196122703,25.3446278850952,413.399471265974,14.1387855989342,0.848690233403522,12.7038792112307,1.14107620308414,0.0579458426185828,0.00347823866148984
245,3462.56774015666,207.462071398912,2072.55521725195,138.529336216729,12.7040540167181,414.542488349372,14.1329295516598,0.846783964893519,-12.640573868377,1.14301708339735,0.0576854267414687,0.00345626108119804
246,3475.29307144009,207.844378210341,2080.43981640531,139.061531413085,12.7253312834328,415.306449609253,14.1272076074801,0.8448958463835,0.0212772667146055,0.763961259881853,0.0574276732011384,0.00343453596090854
247,3500.80791992958,208.610959826158,2094.1663974184,139.167426490555,25.5148484894889,416.455338036499,14.173311416719,0.844578784721286,12.7895172060562,1.14888842724531,0.0573818275980525,0.00341934730656391
248,3526.40894401287,209.380183735752,2107.12294516928,139.549998850142,25.6010240832893,417.991143561909,14.2193909032777,0.844274934418353,0.0861755938003625,1.53580552541052,0.0573362536422488,0.00340433441297723
249,3539.24199636221,209.765793463504,2120.07197816468,139.932362942276,12.833052349335,419.145977199256,14.2138232785631,0.842432905475921,-12.7679717339543,1.15483363734666,0.0570836276247513,0.00338326468062619
250,3552.09686280875,210.152072086468,2137.32581465695,140.441862112867,12.8548664465425,419.917865549972,14.208387451235,0.84060828834587,0.0218140972074252,0.771888350715926,0.05683354980494,0.00336243315338348
251,3577.87240223572,210.926647237821,2145.94784409275,140.696476394027,25.7755394269752,421.078719324289,14.2544717220547,0.840345208118811,12.9206729804328,1.16085377431727,0.0567907239922497,0.00334798887696737
252,3603.7362950987,211.703931764246,2163.18225229126,141.205438062907,25.8638928629771,422.630579002067,14.3005408535663,0.840094967318436,0.088353436001853,1.55185967777834,0.0567481779903424,0.00333371018777157
253,3616.70160497484,212.093597157064,2171.79468172335,141.459786933541,12.9653098761364,423.79752892131,14.2952632607701,0.838314613269028,-12.8985829868407,1.1669499192426,0.0565030168409886,0.0033134964951345
254,3629.68928117693,212.483948457848,2189.01011765619,141.968224447047,12.9876762020904,424.577545614912,14.2901152802241,0.836550978180504,0.0223663259539535,0.780016693602192,0.0562602963788352,0.00329350778811222
255,3642.69941728176,212.874988550085,2197.61317461123,142.222314566919,13.0101361048355,425.358937007933,14.2850957540461,0.834803876667,0.0224599027451404,0.78139139302084,0.0560199833492005,0.00327374069281176
256,3668.78744574535,213.659146712749,2206.21315780286,142.476319911928,26.0880284635869,426.534135262834,14.3312009599428,0.834606041846677,13.0778923587513,1.17519825490126,0.0559812537497765,0.00326017985096358
257,3694.96644797419,214.446094993738,2223.40400341974,142.984079220793,26.1790022288387,428.105241706488,14.3773013539852,0.834420603088475,0.0909737652518743,1.57110644365321,0.055942806824845,0.00324677277466333
258,3708.09030299479,214.840622787253,2231.99491602102,143.237834654014,13.1238550206035,429.286717780991,14.3724430348635,0.832715592198655,-13.0551472082352,1.18147607450373,0.0557071435459827,0.00322757981472347
259,3727.81929859888,215.433739887946,2240.58285521154,143.491508251115,19.728995604084,430.274362675199,14.393124705015,0.83179050149786,6.60514058348053,0.987644894207733,0.0555719100579729,0.00321154633782958
260,3747.60044071945,216.028456446907,2257.74991334095,143.998612865509,19.7811421205752,431.462196334853,14.413847848921,0.830878678641951,0.0521465164911206,1.18783365965419,0.0554378763420037,0.00319568722554597
261,3760.81700163563,216.425827752313,2266.32908218724,144.252045344807,13.2165609161784,432.45428419922,14.4092605426653,0.829217730851774,-6.56458120439675,0.992087864367022,0.0552078947994837,0.00317707942855086
262,3780.68578771307,217.023232677612,2279.19245523924,144.632046331359,19.8687860774371,433.449060429924,14.4300984263858,0.828332949151189,6.65222516125868,0.994776230704247,0.0550767115510907,0.00316157614179843
